TAZ,vmt_per_capita_by_taz
13,46.1
14,71.6
15,30.9
16,51.6
17,37.6
18,35.6
19,31.5
20,38.0
21,31.4
22,53.9
23,51.1
25,55.0
27,82.4
28,69.1
29,71.2
30,33.4
31,34.3
32,38.3
33,30.1
34,22.0
35,34.8
36,34.7
37,35.0
38,16.4
39,26.0
40,32.9
41,26.7
42,39.4
44,24.2
45,18.1
46,21.9
47,37.1
48,22.1
49,14.9
50,16.5
51,29.9
52,17.6
53,24.9
54,26.4
55,39.2
56,39.4
57,41.2
58,16.2
59,9.5
61,15.0
62,17.0
63,15.3
64,16.6
65,13.0
66,16.3
67,8.9
68,13.5
69,13.2
70,19.4
71,12.9
72,23.2
73,18.2
74,16.8
75,16.7
76,13.2
77,14.1
78,14.3
79,16.7
80,15.2
81,53.5
82,30.1
83,13.9
84,13.5
85,15.8
86,12.3
87,15.7
88,18.2
89,18.3
90,19.8
91,13.7
92,0.0
93,28.8
94,35.9
95,17.8
96,19.1
97,27.8
98,45.6
99,18.6
100,16.7
101,70.7
102,17.7
103,14.5
104,16.5
105,21.6
106,23.4
107,20.6
108,23.9
109,31.6
110,38.5
111,18.4
112,17.9
113,21.1
114,34.0
115,40.8
116,22.6
117,22.7
118,39.3
119,34.8
120,69.8
121,23.7
122,22.9
124,20.2
125,23.8
128,102.7
129,37.9
130,35.5
131,41.4
132,30.8
133,28.4
134,47.6
135,27.2
136,24.7
137,31.4
138,32.7
139,23.4
140,33.5
141,16.4
143,23.1
144,28.3
145,31.5
147,25.8
150,37.8
151,37.6
152,17.0
153,57.1
154,52.0
158,34.2
159,37.0
161,41.3
162,49.7
164,26.2
166,39.5
167,39.1
168,67.1
169,31.8
170,40.8
171,41.8
172,32.6
173,26.0
174,29.3
175,42.4
176,28.8
177,46.1
178,34.4
179,31.2
180,30.1
181,49.5
182,30.0
183,46.7
184,29.8
185,42.4
186,48.5
187,44.1
188,32.3
189,30.8
190,54.5
191,37.5
192,27.1
193,41.9
195,1.1
196,29.9
197,35.1
198,27.2
199,37.0
200,29.7
201,24.6
202,27.5
203,30.1
205,38.8
206,45.3
207,38.7
208,30.5
209,39.1
210,30.5
211,59.9
212,49.6
213,35.1
214,24.1
215,45.0
216,39.8
217,27.7
218,18.9
219,40.2
220,22.8
221,40.7
222,31.6
223,31.0
224,32.6
225,37.3
226,42.9
227,38.0
228,38.8
229,34.1
231,28.8
232,31.5
233,22.8
234,40.6
235,32.4
236,43.3
237,39.8
238,26.8
239,18.7
240,37.4
241,30.7
242,30.3
243,42.7
244,38.1
245,47.7
246,40.3
247,27.1
249,23.7
250,70.9
251,26.0
252,15.3
253,24.9
254,17.1
255,31.1
256,19.8
257,35.2
258,37.1
259,32.1
260,19.7
261,19.5
262,39.2
263,19.7
264,28.1
265,19.9
266,16.1
267,33.6
268,21.8
269,16.6
270,9.1
271,33.4
272,20.3
273,20.7
274,32.6
275,19.8
276,19.5
277,35.9
278,33.4
279,17.4
280,19.7
281,37.3
282,30.7
283,31.6
284,18.0
285,36.1
288,26.6
289,26.2
290,39.8
291,29.0
293,16.9
294,29.6
295,19.7
296,19.2
297,17.2
298,22.1
299,37.6
300,22.3
301,35.2
302,23.6
304,70.4
305,21.3
307,19.7
308,54.7
309,18.1
310,16.8
311,15.4
312,16.9
313,16.6
314,29.6
315,21.6
317,32.5
318,59.9
319,28.1
320,20.5
321,19.2
322,19.6
323,33.0
324,35.2
325,28.2
326,38.6
327,32.1
328,15.6
329,34.3
330,18.1
331,30.5
332,37.9
333,17.8
334,17.2
335,16.8
336,14.0
337,51.0
339,17.0
340,17.8
341,18.0
342,17.5
343,16.8
344,18.9
345,19.3
346,19.9
347,11.5
348,20.0
349,16.7
350,18.4
352,15.2
353,21.3
354,20.6
355,10.8
357,32.2
358,29.5
359,18.0
360,15.9
362,22.2
363,32.8
364,18.2
365,17.3
366,17.9
367,13.9
368,17.6
369,17.6
370,27.7
371,31.1
372,13.9
373,14.2
374,15.4
375,13.3
376,15.3
377,16.2
379,30.7
380,17.2
381,15.9
382,16.3
383,31.4
384,16.1
385,14.2
386,19.8
387,33.8
389,21.5
390,13.6
391,30.3
392,16.5
393,33.5
394,30.7
395,16.4
396,16.2
397,17.4
398,31.1
399,20.1
400,17.8
401,17.4
402,58.6
404,74.9
405,15.7
406,14.3
407,14.9
408,16.3
409,30.0
410,2.7
411,18.0
413,24.1
414,16.9
415,12.5
416,36.1
417,13.0
418,13.4
419,12.7
420,66.9
421,16.1
422,16.6
423,13.6
424,32.9
425,16.7
426,15.6
428,15.5
429,16.0
431,30.7
432,13.2
433,14.7
435,16.1
436,12.4
438,13.7
439,15.1
440,18.1
444,14.9
445,11.7
446,15.8
447,18.6
448,29.5
449,18.2
450,17.9
451,21.3
452,14.6
453,16.7
454,26.8
455,15.8
456,12.4
457,16.9
459,15.3
460,15.7
461,10.4
462,15.7
465,11.7
466,16.1
467,10.9
468,10.9
470,10.7
471,15.2
472,23.7
473,26.3
474,15.1
476,18.0
477,24.6
478,25.4
479,21.6
480,10.0
481,20.7
482,12.3
484,15.8
485,33.5
486,35.5
487,13.0
488,25.1
489,14.9
490,10.2
491,28.7
492,30.8
494,13.6
495,14.9
496,18.7
497,12.8
499,14.3
500,21.7
503,13.7
505,11.2
506,14.8
507,17.9
508,14.3
509,11.7
510,24.7
511,9.8
512,50.3
513,13.6
515,11.0
516,11.1
517,13.8
518,17.5
519,14.1
520,12.9
521,14.7
522,65.8
523,15.3
525,12.5
526,14.4
527,28.8
528,27.2
529,13.8
530,11.1
531,13.0
532,12.5
533,14.5
534,15.2
535,11.7
536,16.0
537,14.2
538,13.2
539,17.3
540,10.3
541,20.8
542,12.2
543,16.4
544,12.9
545,13.8
546,11.7
547,11.5
548,13.0
550,17.4
551,35.3
552,11.1
554,12.0
556,19.6
557,8.6
558,11.8
559,12.8
560,18.9
561,11.1
562,17.3
563,10.9
564,55.9
565,15.5
566,12.8
567,12.9
568,52.4
569,11.9
570,15.7
571,10.4
573,20.4
574,11.2
575,16.6
576,10.6
577,15.1
578,13.3
579,13.4
580,12.5
581,13.3
582,31.4
583,17.7
584,14.0
585,11.3
586,13.6
587,14.4
588,9.0
589,13.6
590,16.1
591,13.4
592,10.0
593,14.8
594,13.6
595,12.2
596,33.6
597,23.3
598,16.6
599,15.7
600,15.1
601,12.3
604,27.4
605,16.6
606,9.0
607,15.5
608,15.3
609,10.6
610,14.2
611,29.2
612,12.8
613,19.1
614,13.4
615,16.6
616,49.4
617,10.9
618,14.7
619,14.7
620,12.7
621,14.1
622,11.7
623,16.1
624,16.1
625,20.8
626,16.5
627,11.9
628,12.5
629,21.4
630,12.7
631,18.7
632,16.7
633,13.0
634,15.9
635,10.9
636,10.5
637,22.1
638,16.6
639,17.3
640,13.4
641,13.8
642,15.2
643,12.7
644,13.1
645,15.9
646,10.6
647,14.4
648,15.5
649,16.6
650,14.2
651,18.6
652,14.8
653,15.5
654,17.2
655,16.8
656,20.0
657,13.3
658,17.4
659,17.0
660,14.7
662,16.2
663,19.0
664,14.2
665,18.9
666,12.8
667,12.2
668,10.1
669,13.4
670,15.6
671,18.7
672,16.1
673,18.7
674,11.1
675,16.1
676,12.9
677,16.5
678,15.7
679,12.5
680,12.2
681,13.8
682,22.8
684,15.6
686,16.9
687,15.7
688,17.5
690,17.0
691,16.5
692,15.9
693,15.3
694,17.5
695,17.7
697,16.1
698,18.9
699,0.1
700,19.5
701,18.8
703,15.2
706,15.5
708,15.4
710,28.6
711,24.4
712,12.4
713,17.1
714,29.5
715,17.5
716,18.0
717,15.8
719,21.4
720,10.4
721,15.8
722,17.3
723,52.2
724,14.2
725,15.8
726,15.7
727,40.0
728,13.4
729,13.7
730,16.4
731,19.3
732,17.1
733,12.7
734,17.9
737,18.2
738,55.3
739,17.1
740,13.8
741,21.1
742,14.4
743,18.8
744,20.0
745,16.2
746,15.0
747,16.4
748,16.6
749,16.2
750,28.0
751,18.0
752,19.7
753,16.4
754,23.2
755,17.8
756,37.0
757,19.0
759,21.5
760,22.5
761,19.4
762,17.7
763,17.9
764,15.2
765,17.8
766,18.4
767,19.9
768,18.8
769,17.6
770,18.0
771,17.9
772,16.9
773,18.1
774,18.6
775,18.2
776,13.6
777,21.7
778,23.8
779,19.1
780,20.6
781,18.2
782,13.6
783,16.9
784,11.7
785,17.3
786,18.9
788,22.3
789,17.0
790,20.2
791,19.9
792,18.3
793,13.3
794,38.7
795,19.7
796,17.5
797,21.7
798,21.5
799,15.0
800,17.4
801,15.8
802,36.1
803,20.8
804,19.0
805,17.3
806,18.0
807,17.4
808,14.0
809,14.6
810,84.6
811,34.8
812,16.5
813,16.5
814,16.4
815,17.8
816,21.2
817,14.6
818,13.6
819,15.6
820,16.0
821,17.0
822,17.5
823,13.4
824,16.1
825,20.7
826,14.3
827,18.2
828,13.6
829,14.6
830,12.3
831,16.4
832,15.6
833,19.3
834,15.4
835,11.5
836,18.3
837,18.1
838,17.3
839,16.1
840,17.1
841,14.9
842,15.2
843,16.1
844,11.9
845,16.5
846,16.8
847,15.4
848,17.2
849,14.8
850,19.8
851,18.3
852,17.4
853,19.6
854,14.9
855,14.1
856,18.7
857,15.3
858,24.5
859,15.7
860,16.3
861,18.3
862,16.9
863,16.1
864,17.3
865,17.6
866,15.5
867,15.1
869,18.5
870,15.7
871,14.3
873,20.8
874,18.6
875,20.4
876,17.8
877,16.7
878,20.0
879,15.8
880,15.9
881,16.2
882,16.8
883,19.5
884,20.0
885,18.9
886,19.1
887,19.5
888,17.5
889,16.1
890,16.3
891,16.9
892,14.9
893,21.1
894,13.2
895,16.4
896,18.6
897,13.7
898,12.6
899,12.8
900,15.3
901,18.6
902,27.3
903,15.4
904,20.0
905,16.8
906,16.1
908,15.6
909,15.0
910,23.8
911,13.6
912,17.5
913,15.6
914,18.5
915,13.6
916,3.8
918,14.3
919,20.1
920,22.7
921,14.7
922,17.0
924,19.2
926,15.6
928,17.9
929,17.8
930,12.4
932,17.8
933,21.3
934,10.9
935,14.4
936,17.0
937,16.5
938,18.0
939,22.5
940,19.4
941,15.6
942,13.5
943,17.0
945,15.4
946,19.4
947,13.6
948,15.6
949,13.6
950,11.1
952,16.3
953,9.7
954,14.8
955,16.7
956,16.5
958,13.1
960,11.7
962,14.8
963,11.1
964,11.0
966,21.4
967,12.3
970,18.2
971,20.8
972,12.7
974,9.9
975,14.0
976,17.7
977,10.3
978,15.5
979,14.4
980,9.7
983,17.3
984,13.8
987,14.3
988,13.6
989,15.2
990,13.6
991,22.2
993,13.3
995,11.0
996,15.4
999,13.0
1001,13.0
1003,13.1
1004,19.1
1006,13.7
1007,9.7
1008,16.5
1009,12.0
1010,10.9
1011,12.8
1012,79.1
1013,10.0
1014,16.8
1015,13.4
1017,11.5
1019,11.8
1020,11.2
1021,12.3
1022,12.0
1023,13.3
1024,14.2
1026,16.0
1027,30.2
1030,11.2
1031,14.8
1033,13.3
1034,11.8
1035,12.7
1036,16.9
1038,9.9
1039,28.0
1040,16.1
1041,11.8
1042,12.4
1044,16.9
1045,17.4
1046,18.9
1047,11.6
1048,9.8
1053,12.6
1054,11.2
1055,15.6
1056,12.5
1058,6.8
1059,13.9
1060,12.5
1061,9.3
1062,8.8
1063,14.9
1064,18.2
1066,12.9
1067,13.1
1069,13.7
1071,20.1
1072,28.2
1073,19.8
1074,12.4
1075,16.4
1076,12.8
1077,14.9
1079,12.7
1081,16.3
1082,14.5
1083,9.1
1084,14.6
1085,11.6
1087,62.2
1089,9.7
1090,19.0
1091,19.1
1092,17.1
1094,16.6
1095,8.5
1097,19.4
1098,7.8
1101,19.1
1102,9.6
1103,15.2
1104,16.9
1106,20.1
1107,12.0
1108,7.2
1110,12.3
1113,11.3
1114,13.0
1115,15.4
1116,10.7
1117,11.7
1118,9.5
1120,15.1
1122,13.0
1123,8.7
1124,18.9
1126,15.5
1127,8.7
1128,12.1
1129,13.0
1130,24.1
1131,8.1
1132,20.9
1133,8.1
1134,9.2
1135,12.3
1136,17.2
1137,16.6
1138,13.6
1139,17.6
1140,14.3
1141,8.4
1142,13.0
1145,18.9
1146,19.2
1147,19.2
1148,8.3
1149,12.5
1150,20.0
1151,7.6
1152,8.5
1153,7.2
1154,15.9
1156,13.2
1158,17.9
1159,19.5
1161,19.3
1162,14.0
1163,7.4
1164,18.7
1165,7.5
1166,6.3
1167,10.7
1168,11.1
1169,19.6
1171,6.8
1172,12.2
1174,17.0
1175,20.4
1176,18.6
1177,20.1
1178,10.8
1180,39.1
1181,17.4
1182,18.6
1183,6.5
1184,15.1
1185,19.7
1189,5.4
1190,14.0
1191,21.2
1192,16.5
1193,12.7
1194,20.3
1195,28.3
1196,7.6
1197,15.4
1198,12.8
1199,45.9
1200,6.3
1201,17.1
1202,15.1
1203,9.5
1204,53.2
1206,14.7
1207,16.9
1208,19.4
1209,19.0
1210,12.5
1211,6.6
1214,7.8
1215,19.3
1216,20.6
1217,42.3
1218,38.7
1219,51.0
1220,12.6
1222,8.0
1224,10.4
1225,11.4
1227,23.6
1228,11.1
1229,11.4
1230,17.1
1232,22.0
1233,18.2
1234,23.9
1236,19.7
1237,11.5
1238,30.4
1239,14.0
1241,16.0
1242,12.8
1243,12.9
1244,13.2
1245,21.1
1246,18.4
1247,13.5
1248,11.5
1249,20.0
1250,21.8
1251,23.2
1252,4.8
1253,10.9
1254,21.9
1255,19.7
1256,23.7
1257,13.0
1258,21.5
1259,15.8
1260,17.8
1261,20.1
1262,7.2
1263,12.8
1264,22.5
1265,12.2
1266,18.1
1267,17.5
1268,12.1
1269,27.6
1270,12.1
1272,16.9
1273,22.1
1274,24.8
1275,17.0
1276,18.2
1277,15.0
1278,14.8
1279,21.9
1280,19.4
1281,13.9
1282,23.1
1283,23.2
1284,22.5
1285,17.3
1286,22.7
1287,19.0
1288,22.7
1289,12.3
1290,19.1
1291,12.9
1292,12.5
1293,21.3
1294,17.9
1295,19.1
1296,17.0
1297,17.4
1298,18.0
1299,21.2
1300,19.0
1301,21.9
1302,13.1
1303,15.7
1304,21.1
1305,18.8
1306,14.0
1307,14.9
1308,28.5
1309,12.3
1310,20.6
1311,20.9
1312,23.9
1313,13.8
1315,35.0
1316,14.8
1317,18.4
1319,15.8
1320,16.5
1321,25.0
1322,20.5
1323,16.8
1324,21.5
1325,22.3
1326,22.9
1327,17.7
1328,18.5
1329,12.3
1330,19.4
1331,14.9
1332,22.9
1333,13.7
1334,22.7
1335,19.8
1336,21.7
1337,15.2
1338,23.8
1339,17.3
1340,25.0
1341,19.7
1342,18.1
1343,15.1
1344,45.5
1345,8.8
1346,19.3
1347,20.7
1348,16.2
1349,23.6
1350,19.1
1351,19.9
1352,21.3
1353,15.8
1354,26.3
1355,20.5
1356,25.4
1357,21.7
1358,19.1
1359,22.0
1360,23.9
1362,24.4
1363,19.6
1364,23.9
1365,19.7
1368,21.6
1369,18.2
1370,28.9
1371,19.6
1372,21.6
1373,22.8
1375,21.4
1376,24.0
1377,35.7
1378,20.0
1379,23.0
1380,57.7
1381,21.2
1382,23.7
1384,27.7
1385,15.6
1386,26.4
1387,22.5
1389,22.6
1390,22.6
1391,19.9
1392,21.3
1393,20.6
1394,20.3
1395,21.9
1396,25.0
1397,20.3
1398,21.0
1399,36.4
1400,19.3
1401,22.6
1402,19.8
1403,21.9
1404,21.8
1405,18.8
1406,25.6
1407,23.2
1408,42.9
1409,24.2
1410,21.8
1411,34.0
1412,38.0
1413,24.2
1414,20.0
1415,25.6
1416,25.9
1417,27.2
1418,19.1
1419,5.3
1420,36.4
1421,18.0
1422,21.1
1423,18.6
1424,18.7
1425,31.8
1426,21.8
1427,17.7
1428,16.7
1429,21.6
1430,23.5
1431,19.8
1433,19.1
1435,25.0
1436,21.7
1437,31.6
1438,20.2
1439,22.1
1442,32.6
1443,25.7
1444,23.1
1445,19.2
1447,17.5
1449,19.0
1450,18.5
1451,18.4
1452,19.4
1453,19.5
1455,26.8
1456,18.0
1457,20.0
1458,21.2
1460,29.2
1461,50.3
1462,34.0
1463,18.3
1464,18.3
1465,18.2
1466,31.0
1467,26.4
1468,18.1
1469,17.6
1470,29.2
1471,38.7
1472,27.4
1473,21.8
1474,29.5
1475,23.4
1476,23.0
1477,24.5
1478,20.5
1479,26.2
1481,39.6
1482,22.8
1483,19.2
1484,21.1
1485,26.0
1486,20.1
1487,38.0
1488,15.5
1490,18.9
1491,17.6
1492,17.6
1494,18.2
1495,20.0
1496,19.9
1497,22.2
1498,19.9
1499,25.4
1500,36.8
1501,17.6
1502,25.2
1503,18.0
1504,26.3
1505,20.7
1506,16.9
1507,23.7
1509,26.9
1510,23.5
1511,20.8
1512,20.0
1513,14.9
1514,24.3
1515,26.3
1516,16.2
1517,22.4
1518,16.4
1519,17.4
1520,17.3
1521,17.9
1522,26.7
1523,23.9
1525,21.7
1526,35.9
1527,23.8
1528,16.5
1529,38.1
1530,27.3
1531,15.4
1532,71.1
1533,14.9
1534,15.5
1535,17.4
1538,24.4
1539,13.8
1540,23.3
1541,24.1
1542,27.9
1543,31.8
1544,25.1
1545,21.7
1546,14.9
1547,23.6
1548,16.2
1549,18.5
1552,25.9
1553,20.3
1554,24.6
1555,21.4
1556,19.5
1557,19.5
1558,21.2
1559,17.3
1560,22.4
1561,25.9
1562,21.9
1563,27.0
1564,16.4
1565,17.6
1566,16.6
1567,22.8
1568,24.4
1569,14.7
1570,14.6
1571,18.0
1572,21.9
1573,15.4
1574,21.2
1575,30.6
1576,21.6
1577,22.4
1578,18.3
1580,31.6
1581,25.6
1582,19.4
1583,24.0
1584,25.5
1585,22.2
1586,23.0
1587,20.9
1588,23.2
1589,17.4
1590,23.3
1591,17.5
1593,22.2
1594,16.8
1595,16.5
1596,19.7
1597,27.4
1598,25.2
1599,24.9
1600,21.1
1601,24.0
1602,23.9
1603,22.7
1604,24.6
1605,18.9
1606,21.8
1607,19.9
1608,21.1
1609,27.6
1610,23.4
1611,38.1
1612,26.3
1613,19.9
1614,33.8
1615,22.6
1616,16.4
1617,19.9
1618,18.4
1619,19.9
1620,9.7
1621,29.8
1622,19.6
1623,26.1
1624,27.1
1625,26.8
1626,20.0
1627,22.7
1628,26.6
1629,25.3
1630,21.2
1631,28.6
1632,19.7
1633,27.1
1634,19.8
1635,20.7
1636,32.1
1637,27.9
1638,15.3
1639,20.7
1640,23.7
1641,42.2
1642,18.4
1643,31.8
1644,21.7
1645,22.5
1646,19.9
1647,18.2
1648,19.3
1649,17.4
1650,20.8
1651,23.4
1652,22.8
1653,21.7
1654,20.6
1655,20.6
1656,28.3
1657,106.4
1658,21.5
1659,19.0
1660,19.8
1661,17.3
1662,32.9
1663,18.0
1664,24.1
1665,16.1
1666,69.2
1667,55.1
1668,23.1
1669,23.0
1670,25.0
1672,25.4
1673,24.5
1675,31.4
1676,22.4
1677,21.5
1679,45.6
1680,18.1
1681,20.2
1682,29.1
1683,19.2
1684,19.2
1685,29.9
1686,25.9
1687,23.8
1688,21.9
1689,26.1
1690,32.1
1692,23.6
1693,18.1
1694,17.9
1695,19.4
1696,38.0
1697,33.6
1698,22.1
1700,27.7
1701,31.2
1702,19.5
1703,26.8
1704,19.9
1705,79.6
1706,20.1
1707,22.5
1708,23.8
1709,27.9
1711,21.2
1712,22.4
1713,24.7
1714,38.8
1715,25.7
1716,20.8
1717,20.2
1718,20.2
1719,22.0
1721,34.4
1722,32.8
1723,28.3
1724,36.6
1725,24.6
1726,21.5
1727,34.1
1728,20.2
1730,21.8
1731,19.6
1732,38.3
1733,20.4
1734,24.1
1735,22.9
1736,33.4
1737,24.4
1738,29.4
1739,23.7
1740,21.4
1741,19.1
1742,18.9
1743,20.2
1744,21.3
1745,37.4
1746,17.7
1747,22.6
1748,28.9
1749,23.6
1750,37.7
1751,23.6
1752,28.6
1753,35.3
1754,23.7
1755,19.6
1756,19.3
1757,20.3
1758,24.9
1759,40.0
1760,26.9
1761,40.2
1762,22.6
1763,23.4
1764,18.2
1765,16.9
1767,25.3
1768,26.1
1769,33.8
1771,22.1
1773,18.8
1774,26.8
1775,22.3
1776,18.8
1777,23.1
1778,21.3
1779,20.7
1782,19.1
1783,16.3
1784,24.6
1785,18.1
1786,20.0
1787,23.9
1788,23.2
1789,24.5
1790,42.2
1791,40.6
1793,20.5
1795,23.4
1796,26.8
1797,21.0
1798,20.3
1799,19.8
1800,20.2
1801,19.5
1802,21.7
1803,20.8
1804,24.4
1805,26.6
1806,20.7
1807,20.3
1808,20.6
1809,17.4
1810,28.7
1812,20.4
1814,23.0
1815,18.2
1818,20.2
1819,20.6
1820,33.7
1821,114.8
1822,19.8
1823,20.4
1824,21.5
1825,23.1
1826,27.5
1827,18.4
1828,21.9
1829,21.4
1830,22.3
1831,27.3
1832,19.8
1833,23.7
1834,20.0
1835,20.4
1836,80.2
1837,27.3
1839,21.0
1840,23.7
1841,18.5
1842,26.1
1843,17.6
1844,21.0
1845,22.3
1846,21.5
1847,24.2
1848,19.4
1849,23.3
1850,21.2
1851,20.5
1852,20.5
1853,24.1
1854,20.1
1855,26.5
1856,20.2
1857,22.2
1858,19.8
1859,23.3
1860,26.2
1862,22.6
1863,18.8
1864,22.3
1865,21.0
1866,20.2
1867,21.7
1868,25.2
1869,24.5
1870,19.9
1871,23.1
1872,22.4
1873,18.8
1874,19.5
1875,18.8
1876,25.9
1877,23.9
1878,21.4
1879,21.0
1880,21.2
1882,21.8
1883,18.7
1884,21.6
1885,21.5
1886,21.8
1887,21.8
1888,20.3
1889,22.4
1890,25.1
1891,34.1
1892,35.6
1893,22.0
1894,23.7
1895,27.5
1896,21.1
1897,21.8
1898,19.1
1899,68.1
1900,21.1
1901,20.1
1902,20.0
1903,20.7
1904,20.9
1906,17.3
1907,23.7
1908,19.0
1909,23.4
1910,21.0
1911,16.7
1912,22.0
1913,21.9
1914,23.8
1915,23.1
1917,17.9
1918,17.6
1921,21.2
1922,20.6
1923,17.3
1924,21.7
1925,15.4
1926,16.0
1927,18.4
1928,19.1
1929,15.9
1930,19.8
1931,21.7
1932,21.7
1933,17.3
1934,25.0
1935,31.0
1936,17.4
1937,19.1
1938,20.4
1939,21.8
1940,22.4
1941,20.1
1942,19.6
1943,23.8
1944,22.6
1946,23.3
1948,18.7
1949,25.2
1950,19.1
1951,19.6
1952,15.3
1953,23.2
1954,20.3
1955,19.2
1956,20.6
1957,20.8
1958,22.0
1959,24.4
1960,22.3
1961,19.4
1962,24.2
1963,25.1
1965,21.2
1966,18.6
1967,23.8
1969,22.2
1970,19.2
1971,16.9
1972,20.8
1974,20.6
1975,23.2
1976,23.3
1978,24.4
1979,21.0
1980,26.5
1981,20.6
1983,23.3
1986,23.0
1987,23.8
1988,58.0
1989,25.3
1990,30.7
1991,0.0
1994,20.7
1995,21.7
1998,19.9
1999,26.5
2000,22.4
2001,19.6
2002,22.9
2005,20.9
2006,24.4
2007,19.4
2009,22.7
2011,23.5
2012,22.6
2013,19.6
2014,16.9
2015,22.9
2016,19.7
2017,25.8
2018,23.7
2019,23.4
2020,23.9
2021,21.2
2022,19.0
2023,23.2
2024,21.1
2025,23.4
2026,20.8
2027,19.9
2028,20.4
2029,23.1
2030,17.1
2031,22.9
2032,24.1
2033,18.1
2035,26.0
2037,75.9
2038,26.5
2039,20.1
2040,21.8
2041,23.0
2042,16.3
2043,16.6
2044,17.1
2045,16.5
2046,20.7
2047,23.8
2048,15.6
2049,17.5
2050,19.4
2052,22.2
2053,22.0
2054,22.2
2055,23.4
2056,18.3
2058,23.0
2059,19.2
2060,23.1
2061,19.8
2062,24.1
2063,16.5
2064,16.6
2065,31.9
2066,26.0
2068,15.4
2069,17.8
2070,17.0
2071,16.0
2073,24.2
2074,17.6
2075,16.7
2076,17.4
2077,19.2
2078,16.8
2079,18.9
2080,18.2
2081,24.6
2084,15.4
2085,24.1
2087,21.5
2088,16.7
2089,52.4
2090,19.8
2092,22.7
2093,58.2
2095,17.3
2096,17.1
2099,13.1
2100,17.3
2101,49.7
2102,21.6
2104,19.0
2105,19.5
2106,25.8
2107,17.6
2108,23.8
2109,24.9
2110,17.3
2111,19.2
2112,22.8
2113,17.8
2114,17.3
2115,18.4
2116,17.4
2117,22.6
2118,20.1
2122,17.2
2123,17.3
2124,25.0
2125,21.9
2126,19.6
2128,25.6
2131,17.2
2132,18.1
2133,21.9
2135,16.0
2136,19.2
2138,21.4
2139,32.9
2140,20.9
2143,19.9
2144,17.7
2146,34.4
2147,19.0
2148,17.4
2150,19.5
2153,19.5
2155,19.8
2156,18.9
2157,18.2
2160,16.3
2161,18.4
2162,19.6
2163,17.9
2165,123.9
2167,18.3
2169,25.2
2170,19.7
2173,16.0
2175,15.2
2177,23.9
2178,20.9
2179,18.0
2182,17.4
2184,27.7
2185,19.2
2187,31.3
2192,26.8
2193,15.7
2194,15.9
2196,18.4
2198,19.2
2199,8.0
2200,15.5
2201,19.0
2202,13.5
2205,31.1
2206,13.5
2207,17.2
2208,17.0
2213,14.1
2214,26.3
2215,6.7
2217,51.2
2219,23.2
2220,17.8
2221,32.3
2222,18.4
2223,39.3
2224,9.3
2225,12.9
2226,24.2
2230,32.1
2232,34.5
2236,13.7
2237,13.2
2238,23.5
2239,6.5
2240,17.9
2242,12.1
2243,22.2
2244,26.6
2245,22.2
2246,11.3
2249,11.6
2250,10.8
2251,26.8
2252,11.6
2253,12.6
2254,14.3
2256,31.9
2257,13.8
2258,11.9
2259,19.6
2260,22.1
2261,20.2
2262,17.2
2263,28.7
2264,10.9
2265,11.8
2266,14.1
2267,19.9
2268,21.1
2269,16.2
2270,15.4
2271,19.1
2272,10.7
2273,29.7
2274,77.1
2275,13.8
2276,19.8
2277,34.8
2280,20.4
2281,21.7
2282,14.2
2283,12.2
2284,16.0
2285,15.4
2286,12.8
2288,19.4
2289,13.5
2290,19.2
2291,19.0
2292,13.5
2293,26.5
2294,23.8
2295,20.7
2296,21.9
2297,21.3
2298,22.2
2299,19.9
2300,15.1
2301,18.8
2302,19.3
2303,17.7
2304,51.1
2305,18.7
2306,20.7
2307,35.5
2308,16.8
2309,20.5
2310,26.2
2311,20.2
2312,86.2
2313,19.5
2314,17.9
2315,17.4
2316,17.9
2317,20.2
2319,20.6
2320,6.8
2322,17.3
2323,14.3
2324,18.3
2325,20.0
2326,70.3
2327,22.4
2328,16.4
2329,17.8
2330,20.7
2331,18.5
2332,18.2
2333,20.5
2334,17.7
2335,20.6
2337,17.4
2338,15.6
2339,22.5
2340,16.6
2341,21.1
2343,21.5
2344,18.1
2345,33.2
2346,34.4
2347,16.8
2348,42.4
2349,19.2
2350,21.8
2351,17.9
2352,21.1
2353,18.9
2354,19.9
2355,23.6
2356,16.4
2357,17.6
2358,23.9
2359,19.8
2360,18.1
2361,18.1
2362,25.6
2363,51.4
2364,20.0
2365,18.6
2366,16.5
2367,15.2
2368,17.7
2369,19.0
2370,22.8
2371,20.0
2372,52.2
2373,18.5
2374,13.2
2376,20.7
2377,13.7
2378,22.6
2379,19.3
2380,16.6
2383,22.1
2384,22.8
2385,18.7
2386,19.8
2387,21.7
2388,13.5
2389,12.4
2390,32.4
2391,20.1
2392,14.2
2393,12.0
2394,26.9
2395,23.4
2396,18.3
2397,12.3
2398,19.6
2400,18.4
2401,9.0
2402,22.2
2403,50.0
2404,16.5
2405,22.3
2406,16.7
2407,17.8
2409,17.8
2410,31.6
2411,15.9
2412,15.7
2413,31.2
2414,20.0
2415,18.2
2416,15.5
2417,30.8
2418,13.4
2419,19.9
2420,31.8
2421,11.1
2422,24.2
2423,15.5
2424,17.7
2425,19.4
2426,22.1
2427,15.8
2428,21.7
2429,21.1
2430,14.0
2431,16.9
2432,26.2
2433,15.2
2434,25.4
2436,13.3
2438,23.1
2439,15.3
2440,23.0
2442,25.4
2443,21.6
2445,23.8
2446,24.9
2447,27.7
2448,16.3
2449,13.1
2450,29.9
2452,13.6
2454,25.3
2455,20.3
2456,20.8
2457,20.9
2458,14.1
2459,23.3
2461,37.4
2462,36.5
2464,23.2
2465,15.0
2466,15.7
2467,17.6
2469,31.9
2470,19.8
2472,19.9
2474,19.7
2475,11.7
2476,26.0
2477,35.4
2479,17.6
2480,35.2
2481,14.3
2482,16.0
2483,30.5
2484,26.0
2485,11.7
2487,16.8
2488,34.9
2489,21.6
2490,17.1
2491,22.0
2492,14.2
2493,20.9
2494,14.4
2495,22.7
2496,15.1
2498,15.7
2499,18.6
2500,18.3
2501,15.5
2502,16.5
2503,18.4
2504,17.2
2505,18.3
2506,48.6
2507,25.8
2508,9.7
2509,16.9
2511,50.0
2512,12.0
2513,20.7
2514,23.6
2515,40.5
2516,20.8
2517,15.9
2518,22.6
2519,20.3
2520,28.3
2521,16.8
2522,18.1
2523,18.3
2524,20.0
2525,20.7
2526,17.2
2527,21.2
2528,17.4
2529,17.1
2530,16.7
2531,22.5
2532,21.4
2533,11.8
2534,16.5
2535,15.1
2536,15.8
2537,14.5
2538,17.8
2539,26.6
2540,15.9
2541,22.6
2542,19.1
2543,15.9
2546,19.7
2548,27.1
2550,19.6
2551,24.4
2552,29.8
2553,29.2
2554,15.8
2555,17.9
2556,20.9
2557,19.9
2558,17.0
2559,14.8
2560,20.7
2561,29.9
2562,12.1
2563,11.9
2564,12.0
2565,31.6
2566,20.3
2567,19.3
2568,20.0
2569,24.1
2570,19.7
2571,30.0
2572,33.7
2573,24.2
2574,21.1
2575,14.9
2576,19.7
2579,20.2
2580,11.4
2581,11.4
2582,16.6
2583,12.4
2584,15.9
2585,19.7
2587,19.9
2588,14.5
2589,14.4
2590,12.3
2592,12.8
2593,20.1
2595,23.8
2596,27.5
2597,17.0
2598,16.3
2599,17.7
2600,53.8
2601,18.9
2602,41.1
2603,33.4
2604,16.3
2605,54.1
2606,38.0
2607,29.6
2608,20.2
2610,16.0
2611,18.0
2612,31.1
2613,17.9
2614,23.1
2615,18.5
2617,21.7
2618,11.8
2619,33.1
2621,15.0
2622,21.8
2623,19.8
2624,17.1
2625,24.8
2627,15.3
2629,16.5
2630,19.5
2631,20.3
2632,16.8
2633,17.8
2634,18.7
2635,33.8
2636,20.7
2638,28.1
2640,21.9
2641,17.7
2643,16.2
2644,19.3
2645,30.1
2647,15.7
2648,10.8
2650,16.8
2651,20.3
2652,16.4
2653,17.8
2654,17.8
2656,16.1
2657,23.9
2658,9.3
2659,17.2
2660,13.9
2661,11.1
2662,18.9
2663,17.9
2664,8.7
2665,21.1
2666,15.0
2668,15.7
2669,14.7
2670,14.0
2671,15.1
2672,70.1
2673,13.6
2674,19.1
2676,21.0
2677,15.1
2678,14.9
2679,16.9
2680,20.4
2681,21.3
2682,20.9
2683,17.3
2684,16.7
2685,15.5
2686,18.0
2687,16.1
2688,15.4
2689,33.3
2690,15.2
2691,12.8
2692,22.6
2693,14.6
2695,18.2
2696,16.9
2699,18.2
2701,21.1
2702,3.9
2703,35.4
2704,33.3
2705,22.5
2706,18.2
2707,17.1
2708,25.5
2711,12.0
2712,17.8
2713,13.7
2714,27.9
2715,19.9
2716,18.7
2717,31.1
2718,26.5
2719,23.5
2720,17.5
2721,13.2
2722,16.5
2723,17.6
2724,17.9
2725,13.5
2726,19.1
2727,16.4
2728,15.7
2729,31.0
2730,16.2
2731,30.6
2732,15.5
2733,14.6
2734,16.3
2735,14.9
2736,14.5
2737,19.3
2738,14.6
2739,18.5
2740,21.8
2741,17.3
2742,21.2
2744,19.4
2745,18.5
2746,19.5
2747,13.3
2748,13.4
2749,13.2
2750,13.4
2751,16.0
2752,22.8
2753,17.1
2754,17.4
2755,21.5
2756,11.8
2757,15.7
2758,18.7
2759,14.4
2760,18.1
2761,12.4
2762,8.2
2763,18.6
2764,27.3
2765,15.3
2766,28.4
2767,4.3
2768,15.2
2769,16.0
2772,17.6
2773,17.6
2774,19.6
2775,17.0
2776,20.2
2777,21.1
2778,19.9
2779,16.2
2780,17.3
2781,22.0
2782,14.6
2783,20.3
2784,21.0
2785,13.4
2786,14.4
2787,15.4
2789,12.6
2790,15.2
2791,14.9
2792,12.3
2793,21.6
2794,17.2
2795,18.2
2796,20.1
2797,12.8
2798,14.6
2800,19.3
2801,12.7
2802,11.9
2803,19.6
2804,13.4
2805,11.9
2806,12.4
2807,11.4
2808,13.3
2809,15.5
2810,15.5
2811,15.7
2812,16.5
2813,15.6
2814,20.1
2815,20.7
2816,12.2
2817,15.6
2818,18.9
2819,16.5
2820,20.6
2821,43.2
2822,24.6
2823,16.3
2824,15.9
2825,15.8
2826,19.1
2827,15.8
2828,27.0
2829,14.5
2830,12.4
2831,28.5
2832,18.6
2833,13.5
2834,54.4
2835,56.2
2836,19.5
2837,13.3
2840,19.2
2841,20.5
2842,15.7
2843,21.0
2844,18.3
2846,18.1
2847,19.8
2848,19.8
2849,18.8
2850,14.0
2851,19.6
2853,18.3
2854,15.2
2855,17.8
2856,12.5
2857,17.7
2858,13.3
2859,23.1
2860,12.2
2861,11.0
2862,11.7
2863,11.2
2864,16.4
2865,13.4
2866,12.7
2867,19.7
2868,18.2
2869,12.3
2870,18.4
2871,19.2
2872,17.6
2873,17.3
2874,12.2
2877,19.5
2878,19.6
2879,19.5
2880,12.4
2881,12.0
2882,18.7
2883,20.1
2884,18.5
2885,10.4
2886,16.7
2887,18.0
2888,20.7
2889,42.0
2890,19.6
2891,15.6
2892,10.4
2893,14.9
2894,12.4
2897,11.9
2898,18.9
2899,11.1
2900,10.0
2901,9.7
2902,11.3
2903,12.7
2904,12.2
2905,13.4
2906,16.7
2907,19.2
2909,15.2
2910,14.8
2912,17.6
2913,13.9
2914,17.6
2915,11.5
2916,17.6
2917,18.2
2918,17.4
2919,9.8
2920,13.8
2921,10.9
2922,18.4
2923,11.3
2924,18.1
2925,12.4
2926,12.6
2927,9.0
2928,8.5
2929,18.6
2930,10.1
2931,17.9
2932,15.9
2933,9.1
2934,20.7
2935,14.3
2936,21.2
2938,16.7
2939,20.4
2940,12.2
2941,13.8
2942,10.0
2943,14.5
2944,19.3
2945,14.9
2946,16.6
2947,13.2
2948,15.1
2949,19.4
2950,18.8
2951,18.6
2952,14.2
2953,18.3
2954,19.1
2955,13.4
2956,17.4
2957,12.7
2958,14.2
2959,18.3
2960,13.6
2961,16.2
2962,12.3
2963,16.0
2964,11.3
2965,9.3
2966,9.5
2967,10.0
2968,8.9
2969,8.0
2970,10.7
2971,25.3
2972,42.0
2973,20.6
2974,11.7
2975,17.4
2976,20.2
2978,15.5
2979,18.4
2980,15.2
2982,16.1
2984,14.6
2985,12.7
2986,10.4
2987,13.6
2988,17.7
2989,16.0
2990,13.7
2991,18.8
2992,19.1
2993,15.6
2994,18.6
2995,14.7
2996,13.3
2997,15.6
2998,18.7
2999,18.3
3000,12.9
3001,11.5
3002,16.3
3003,9.5
3004,12.5
3005,22.2
3006,16.6
3007,14.9
3008,19.8
3009,17.2
3010,18.8
3011,17.3
3012,39.6
3013,25.7
3014,16.4
3015,11.1
3016,20.4
3017,15.2
3018,18.4
3019,15.6
3021,16.3
3022,15.5
3023,16.8
3024,15.0
3025,13.7
3026,16.0
3027,19.8
3028,17.0
3029,25.6
3030,27.0
3031,12.2
3032,12.4
3033,12.4
3034,13.4
3035,12.0
3036,13.8
3037,15.9
3038,12.6
3039,14.3
3040,18.8
3041,32.0
3042,14.9
3043,12.4
3044,19.9
3045,16.4
3046,14.3
3047,17.0
3048,14.3
3049,16.1
3050,13.5
3051,17.2
3053,22.8
3054,20.2
3055,18.9
3056,12.8
3057,17.4
3058,14.8
3059,12.4
3060,16.1
3061,16.7
3062,15.0
3063,15.5
3064,18.2
3065,16.9
3066,21.2
3067,17.8
3068,15.4
3069,15.2
3070,17.9
3071,16.0
3073,21.0
3074,13.8
3075,17.0
3076,15.6
3077,17.6
3078,13.7
3079,14.6
3080,19.7
3081,14.1
3082,15.2
3083,16.1
3084,17.1
3085,17.6
3087,14.6
3088,15.6
3089,15.0
3090,15.6
3092,13.1
3093,17.5
3094,15.4
3095,41.0
3096,15.4
3097,15.3
3098,10.4
3099,18.2
3100,20.1
3101,18.6
3102,14.9
3103,15.7
3104,15.9
3105,17.5
3106,17.2
3107,16.1
3108,15.8
3109,15.4
3110,19.2
3111,14.5
3113,16.9
3114,16.5
3116,20.6
3117,18.4
3118,13.8
3119,16.2
3122,7.4
3123,17.5
3124,14.6
3125,13.8
3126,14.6
3127,16.1
3128,12.8
3129,19.6
3130,16.1
3131,14.7
3132,17.4
3133,13.6
3134,19.3
3135,19.4
3138,15.1
3139,22.2
3140,16.6
3141,16.0
3142,9.5
3143,17.6
3144,7.6
3145,14.2
3146,15.2
3147,14.5
3148,18.1
3149,12.2
3150,13.8
3151,14.2
3152,16.7
3153,15.9
3154,15.9
3155,13.8
3156,15.1
3157,47.9
3158,15.5
3159,16.0
3161,18.3
3162,18.3
3163,18.8
3164,14.4
3165,15.3
3166,17.6
3167,14.3
3168,14.6
3169,14.3
3170,23.9
3173,13.9
3174,12.4
3175,20.7
3176,10.6
3177,13.2
3178,24.9
3179,14.6
3180,20.0
3182,19.6
3183,13.7
3184,17.7
3185,18.2
3186,14.0
3187,13.3
3188,14.6
3189,25.2
3190,11.2
3192,42.8
3194,14.3
3195,15.4
3196,12.2
3197,19.5
3199,13.5
3200,14.3
3201,12.9
3202,13.6
3203,21.9
3204,19.7
3205,13.0
3206,11.5
3207,17.9
3208,18.9
3209,14.4
3211,14.7
3212,11.5
3213,13.4
3214,20.7
3215,15.1
3216,13.7
3217,15.6
3218,20.7
3219,12.3
3220,18.4
3221,8.3
3222,18.9
3223,14.2
3224,16.0
3225,13.4
3226,12.8
3227,12.8
3228,21.4
3230,26.2
3231,13.8
3232,73.0
3233,12.2
3234,14.0
3235,13.0
3236,67.8
3237,13.3
3238,14.5
3239,14.3
3240,17.1
3241,15.8
3242,14.0
3243,12.5
3244,16.9
3247,13.7
3248,16.4
3249,12.7
3250,15.4
3251,11.3
3252,16.8
3253,13.5
3254,15.8
3255,14.2
3256,12.9
3257,16.5
3258,11.8
3259,14.0
3260,15.4
3261,13.7
3262,12.8
3263,13.1
3264,12.3
3265,14.3
3266,19.1
3267,19.5
3268,21.6
3269,14.7
3270,16.0
3271,16.3
3272,15.7
3273,13.0
3274,19.6
3276,18.1
3277,13.4
3278,13.5
3279,14.7
3280,15.3
3281,17.8
3284,12.2
3285,11.1
3286,15.2
3287,19.7
3288,12.2
3289,14.9
3290,14.0
3291,20.1
3292,19.2
3293,13.2
3294,16.3
3295,12.2
3296,14.7
3297,13.0
3298,15.0
3299,15.4
3300,14.8
3301,14.0
3302,16.3
3303,16.3
3304,20.7
3306,15.7
3307,15.2
3308,13.7
3309,19.9
3310,19.0
3311,11.3
3312,11.6
3313,12.4
3314,13.2
3315,14.1
3316,13.1
3317,13.6
3318,21.2
3321,24.4
3322,19.1
3323,19.0
3324,10.7
3325,12.0
3326,14.7
3327,13.0
3328,18.5
3329,15.1
3330,9.8
3331,16.8
3333,15.7
3334,17.6
3335,16.3
3336,15.3
3337,12.1
3338,11.9
3339,12.3
3340,9.7
3341,16.9
3342,12.9
3343,10.9
3344,11.1
3345,14.7
3346,9.9
3347,13.1
3348,12.8
3349,14.2
3350,35.2
3351,14.6
3352,15.8
3353,14.3
3354,19.0
3355,20.8
3356,20.0
3357,22.3
3358,15.5
3359,13.7
3360,11.6
3361,22.2
3362,13.0
3363,10.0
3364,21.4
3365,11.8
3366,12.2
3367,20.7
3368,39.9
3369,29.7
3370,14.8
3371,14.8
3372,13.9
3373,13.3
3374,9.9
3375,9.5
3376,14.7
3377,17.2
3378,9.1
3379,13.9
3380,15.4
3381,18.5
3382,8.5
3383,8.4
3384,16.2
3385,13.7
3386,12.7
3387,13.6
3388,8.5
3389,10.2
3390,11.4
3391,17.5
3392,10.4
3393,10.6
3394,14.4
3395,11.8
3396,11.8
3397,12.1
3398,9.2
3399,8.8
3400,9.2
3401,10.9
3402,9.0
3403,10.6
3404,16.8
3405,15.3
3406,11.4
3407,15.6
3408,15.9
3409,19.1
3410,14.1
3411,20.1
3412,13.3
3413,9.9
3414,18.0
3415,13.8
3416,14.0
3417,17.0
3418,12.5
3419,11.8
3420,11.8
3421,15.4
3422,19.7
3423,18.2
3424,17.0
3425,11.7
3426,14.3
3427,11.9
3428,13.5
3429,25.3
3430,14.2
3431,12.3
3432,9.5
3433,8.9
3434,19.7
3435,19.7
3436,14.5
3437,9.4
3438,18.5
3439,10.9
3440,0.0
3441,13.8
3442,15.3
3443,14.6
3444,10.6
3445,10.8
3446,10.8
3447,13.9
3448,13.9
3449,11.5
3450,10.3
3451,13.3
3452,15.2
3453,19.6
3454,14.1
3455,20.8
3456,20.0
3457,16.1
3458,17.7
3459,7.2
3460,13.7
3461,11.0
3462,10.4
3463,14.7
3464,8.1
3465,13.6
3466,25.0
3467,9.4
3468,14.4
3469,9.5
3470,14.3
3471,11.3
3472,9.9
3473,13.2
3474,15.7
3475,13.0
3476,11.0
3477,17.2
3478,21.3
3479,7.2
3480,18.8
3481,19.6
3482,13.5
3483,12.1
3484,12.1
3485,11.0
3486,17.6
3487,13.4
3489,15.6
3490,16.8
3491,14.7
3492,15.0
3493,12.2
3494,13.5
3495,27.4
3496,16.4
3497,12.1
3498,8.8
3499,16.1
3500,13.6
3501,9.1
3502,10.5
3503,12.6
3504,13.6
3505,12.7
3506,15.2
3507,18.4
3508,13.2
3509,14.9
3510,11.8
3511,18.4
3512,12.9
3513,11.6
3514,12.7
3515,10.8
3516,10.6
3517,8.7
3518,11.6
3519,14.7
3520,13.0
3521,12.6
3522,9.6
3523,11.7
3524,13.0
3525,12.5
3526,15.5
3527,13.4
3528,9.1
3529,13.8
3530,17.9
3531,15.3
3532,16.9
3533,19.7
3534,16.0
3535,10.3
3536,10.6
3537,14.2
3538,12.4
3539,14.7
3540,11.1
3541,14.9
3542,15.0
3543,12.6
3544,17.9
3545,14.5
3547,9.9
3548,17.6
3549,14.3
3550,11.7
3551,11.1
3552,17.4
3553,14.7
3554,14.6
3555,12.4
3556,12.9
3557,13.4
3558,11.9
3560,12.0
3561,15.5
3562,10.2
3563,5.2
3564,17.1
3565,13.3
3566,11.9
3567,9.8
3568,83.2
3569,13.9
3570,15.4
3571,10.9
3572,14.6
3573,10.4
3574,13.6
3575,14.8
3577,10.6
3578,16.7
3579,17.6
3580,13.0
3581,11.8
3583,20.1
3584,19.6
3585,15.4
3586,14.7
3587,6.8
3588,11.2
3589,16.5
3590,12.8
3591,16.0
3592,12.7
3593,14.3
3595,13.4
3596,18.2
3597,11.5
3598,16.6
3599,18.3
3600,18.7
3601,15.6
3602,14.4
3603,19.7
3604,16.5
3605,10.6
3606,14.5
3607,20.6
3608,10.9
3609,11.4
3610,14.0
3611,13.7
3612,10.5
3613,14.7
3614,13.7
3616,10.3
3617,15.9
3618,15.5
3619,14.2
3620,32.0
3621,16.3
3622,17.1
3623,23.3
3624,17.8
3625,13.9
3626,15.6
3627,14.0
3629,16.5
3631,16.3
3632,15.2
3633,19.5
3634,16.9
3636,11.6
3638,15.2
3639,15.5
3640,13.7
3642,13.7
3643,13.0
3644,14.4
3645,12.4
3646,13.5
3647,13.9
3648,12.0
3649,10.5
3650,13.4
3651,12.6
3652,16.6
3653,16.0
3654,16.1
3655,16.1
3657,15.7
3658,15.7
3659,16.6
3660,13.1
3661,14.4
3662,17.4
3663,18.8
3664,13.8
3665,13.8
3666,16.1
3667,18.6
3669,15.2
3670,15.8
3671,14.2
3672,17.7
3673,13.5
3674,13.0
3676,14.9
3677,14.1
3678,15.9
3679,15.2
3680,15.2
3681,15.1
3682,15.9
3683,13.5
3684,15.8
3685,14.2
3686,19.7
3687,15.9
3688,17.0
3689,16.2
3690,18.7
3693,18.7
3696,17.3
3697,15.3
3698,14.6
3699,12.4
3700,17.0
3701,13.1
3702,14.6
3703,16.9
3705,16.2
3706,17.7
3707,12.7
3708,15.7
3709,15.4
3710,15.8
3711,18.3
3712,16.4
3713,16.2
3714,15.5
3715,17.0
3716,19.3
3717,17.9
3718,26.8
3720,17.0
3721,26.4
3722,16.3
3723,13.6
3724,12.9
3725,16.6
3726,12.5
3727,15.4
3728,16.3
3729,15.3
3730,14.0
3731,14.6
3732,20.3
3733,19.6
3734,14.9
3735,13.0
3736,17.7
3737,12.2
3738,12.7
3739,17.0
3740,33.2
3741,15.0
3742,11.0
3743,39.3
3744,16.7
3745,19.5
3746,15.6
3747,17.4
3749,18.9
3750,17.1
3751,14.1
3752,19.9
3753,62.7
3754,15.0
3755,14.2
3756,12.5
3757,46.9
3758,20.5
3759,20.2
3761,16.8
3762,26.3
3763,10.1
3764,11.0
3765,10.7
3767,18.1
3768,15.1
3769,16.7
3770,19.1
3771,16.2
3772,15.7
3773,97.0
3774,12.6
3775,21.5
3776,4.9
3777,23.1
3778,18.4
3779,18.1
3780,18.4
3781,12.2
3782,19.2
3783,17.0
3786,15.3
3787,18.1
3788,15.5
3790,15.8
3791,11.5
3792,10.2
3793,9.5
3794,18.0
3795,18.8
3796,15.9
3797,18.9
3799,8.9
3800,18.8
3801,11.3
3802,16.3
3803,14.1
3804,34.9
3805,18.4
3806,30.3
3807,29.9
3808,18.9
3809,16.6
3810,15.5
3811,16.9
3812,8.9
3813,16.6
3814,15.8
3815,12.7
3816,54.0
3817,15.7
3818,6.6
3819,5.8
3820,10.8
3821,13.5
3822,17.1
3823,19.9
3824,18.0
3825,16.5
3826,14.4
3827,20.1
3829,11.7
3830,8.8
3831,17.1
3833,18.9
3834,10.4
3835,9.9
3836,11.9
3837,20.1
3838,12.7
3839,17.0
3840,9.1
3843,16.5
3844,5.2
3845,5.4
3846,16.3
3847,10.1
3848,8.1
3849,16.2
3850,9.4
3851,18.5
3852,9.9
3853,13.1
3856,17.3
3857,10.9
3858,5.9
3859,17.5
3862,16.7
3863,5.9
3864,6.6
3865,14.9
3866,15.3
3867,15.6
3868,69.0
3869,33.9
3870,5.4
3871,7.2
3872,7.8
3873,7.7
3874,7.4
3875,12.8
3876,18.2
3877,5.6
3878,19.9
3880,17.3
3881,16.2
3882,21.4
3883,17.3
3884,17.9
3885,14.8
3886,5.9
3887,10.3
3888,6.8
3889,6.5
3890,8.5
3891,6.6
3892,6.0
3893,6.0
3894,5.8
3895,15.6
3896,16.5
3898,26.0
3899,19.1
3900,20.0
3901,29.6
3902,15.8
3903,15.9
3904,16.4
3905,4.2
3906,6.2
3907,5.8
3908,6.4
3909,6.3
3910,5.1
3911,5.5
3912,7.0
3913,6.6
3914,7.3
3915,7.1
3916,7.2
3917,16.3
3918,16.5
3919,32.1
3920,16.2
3922,64.6
3923,17.3
3925,15.2
3927,30.5
3928,7.7
3929,6.9
3930,5.0
3931,8.1
3932,5.8
3934,1.5
3937,4.0
3938,4.4
3939,3.6
3940,3.0
3941,3.3
3942,3.1
3943,4.3
3944,3.4
3945,18.1
3946,11.0
3948,5.3
3949,9.5
3951,12.0
3952,8.2
3954,4.1
3955,5.8
3956,3.4
3960,2.4
3964,1.9
3965,2.8
3966,4.8
3967,4.3
3968,11.4
3969,13.6
3970,13.3
3971,14.7
3972,15.4
3973,15.7
3974,8.2
3975,12.7
3976,4.1
3977,8.5
3978,4.3
3981,3.5
3982,1.4
3983,1.2
3984,3.4
3985,2.4
3986,2.5
3987,4.7
3988,4.7
3989,2.9
3990,9.3
3991,14.7
3992,18.8
3993,15.4
3995,16.4
3996,11.7
3997,4.2
3999,5.0
4000,3.6
4001,3.8
4002,2.9
4003,3.2
4004,3.7
4005,3.1
4006,3.1
4007,3.2
4008,3.4
4009,4.6
4010,0.0
4011,9.6
4014,2.8
4015,20.6
4016,26.2
4017,19.6
4018,14.6
4020,8.1
4021,7.5
4022,6.4
4027,3.4
4028,29.7
4029,4.2
4030,2.9
4031,3.2
4032,3.9
4034,3.7
4035,4.9
4036,2.8
4037,4.1
4038,3.7
4039,3.5
4040,3.1
4041,3.8
4042,10.2
4043,11.6
4044,11.8
4045,16.6
4046,14.8
4047,8.1
4048,3.3
4049,6.5
4052,3.3
4053,3.7
4054,2.1
4055,2.8
4056,3.0
4057,3.6
4058,2.5
4059,2.7
4060,2.5
4061,3.5
4062,3.4
4063,4.9
4064,17.9
4065,18.9
4066,11.1
4067,16.8
4068,20.5
4069,16.4
4071,16.5
4072,16.1
4073,41.9
4074,18.2
4075,8.7
4076,35.8
4077,5.1
4078,3.7
4079,3.6
4080,2.4
4081,2.4
4082,1.3
4083,2.7
4084,8.2
4086,2.7
4087,2.6
4088,2.6
4089,3.2
4090,3.7
4091,3.4
4092,4.1
4093,9.2
4094,12.1
4095,13.6
4096,10.2
4097,10.2
4098,13.8
4099,13.9
4100,8.0
4101,3.5
4102,4.4
4103,4.0
4104,4.4
4105,2.6
4106,3.5
4107,1.1
4108,2.4
4109,1.9
4110,3.1
4111,3.7
4112,2.6
4113,2.9
4114,4.2
4115,3.1
4116,3.3
4117,4.1
4118,3.9
4119,28.6
4120,26.8
4121,16.0
4122,15.0
4125,5.8
4126,6.3
4127,12.7
4128,6.6
4129,5.3
4130,4.0
4131,3.1
4132,4.3
4134,3.1
4135,2.9
4136,3.2
4137,1.9
4138,3.7
4139,2.8
4140,3.4
4141,2.5
4142,3.1
4143,4.6
4144,8.8
4145,10.1
4146,6.2
4147,8.9
4148,10.2
4149,17.4
4150,13.9
4153,3.7
4154,4.0
4155,10.4
4156,4.4
4157,5.1
4158,1.9
4159,3.5
4160,0.4
4161,3.8
4162,2.8
4163,2.2
4164,2.5
4165,2.9
4166,2.4
4167,3.6
4168,15.0
4170,16.6
4171,58.7
4172,4.6
4173,6.0
4174,4.9
4175,6.2
4176,4.2
4177,5.2
4178,3.5
4179,0.0
4180,3.0
4182,3.5
4183,4.4
4184,16.0
4185,3.1
4186,18.1
4187,13.4
4188,11.0
4189,13.8
4190,5.9
4191,15.4
4192,11.4
4194,9.0
4195,3.3
4197,12.5
4198,4.1
4199,3.1
4200,3.5
4201,3.2
4202,4.8
4203,8.8
4204,9.8
4205,10.8
4206,11.0
4207,8.3
4208,16.2
4209,14.7
4210,14.5
4211,18.6
4212,3.2
4213,6.1
4214,3.0
4215,4.4
4216,5.5
4217,11.8
4218,13.2
4219,17.3
4220,15.4
4221,17.1
4222,16.9
4223,10.4
4224,4.1
4225,10.8
4226,12.8
4227,5.4
4228,16.7
4229,12.1
4230,31.8
4231,5.0
4232,5.5
4233,9.9
4234,6.6
4235,9.6
4236,9.0
4237,8.7
4238,9.9
4239,9.1
4240,16.8
4241,8.9
4242,12.8
4244,12.3
4245,11.4
4246,14.8
4247,51.3
4248,15.9
4249,18.0
4250,18.0
4251,8.8
4253,16.2
4254,15.0
4255,8.4
4256,16.9
4257,9.2
4259,10.8
4260,10.8
4261,10.2
4262,11.1
4263,11.9
4264,12.3
4265,15.8
4266,16.8
4267,16.5
4268,22.3
4269,14.1
4270,16.2
4271,12.7
4272,16.1
4273,18.9
4275,9.5
4276,16.3
4277,17.8
4278,12.4
4279,9.8
4280,17.0
4282,16.4
4283,17.5
4284,11.6
4285,11.7
4286,10.2
4288,19.6
4289,20.2
4291,16.8
4292,12.1
4293,17.0
4294,12.6
4295,19.3
4296,16.2
4297,11.4
4298,11.2
4299,12.2
4300,10.9
4301,14.2
4302,43.7
4303,10.6
4305,18.8
4306,10.4
4307,17.3
4308,19.2
4309,16.8
4310,13.2
4311,18.8
4312,13.9
4313,12.1
4314,6.9
4315,12.5
4316,19.8
4317,10.0
4318,13.5
4319,12.4
4320,17.3
4321,19.8
4322,15.6
4323,12.9
4324,11.0
4325,14.2
4326,16.1
4327,14.0
4328,16.9
4329,15.6
4330,4.3
4331,53.1
4332,20.0
4333,20.2
4334,12.9
4335,18.6
4336,12.2
4337,10.8
4338,11.9
4339,13.5
4341,5.5
4342,16.4
4343,11.2
4344,11.9
4345,16.9
4346,16.6
4347,66.8
4348,52.5
4349,13.1
4350,14.9
4351,12.1
4352,15.6
4353,12.0
4354,11.7
4355,21.7
4356,55.1
4357,75.9
4358,11.9
4359,12.3
4360,44.7
4361,8.9
4362,16.4
4363,18.0
4364,22.3
4365,27.7
4366,9.7
4367,20.7
4368,18.3
4369,41.6
4370,9.6
4371,10.4
4372,8.6
4373,19.9
4374,15.9
4375,10.3
4376,15.0
4377,9.3
4378,8.9
4379,11.7
4380,18.8
4381,17.6
4382,26.3
4383,18.2
4385,12.1
4386,10.7
4387,9.7
4388,14.7
4389,7.8
4390,11.3
4391,9.7
4392,13.6
4393,17.3
4394,17.7
4395,5.9
4396,8.9
4397,10.2
4398,54.8
4399,8.2
4400,21.4
4401,7.8
4402,15.5
4403,17.3
4404,9.5
4405,9.1
4406,14.6
4407,19.9
4408,58.2
4409,7.4
4410,15.5
4411,13.6
4412,5.0
4413,22.0
4414,7.9
4415,11.9
4416,13.3
4418,18.9
4419,22.0
4420,7.9
4421,15.6
4422,71.6
4423,18.7
4424,18.4
4425,6.8
4426,7.4
4427,7.1
4428,23.3
4429,8.5
4430,12.2
4431,9.4
4432,7.1
4433,9.2
4434,13.0
4435,16.2
4436,17.0
4437,11.3
4438,14.1
4439,8.4
4440,10.3
4441,5.8
4442,19.1
4443,17.2
4444,13.0
4445,9.4
4446,18.2
4447,7.9
4448,17.7
4449,7.9
4450,10.6
4451,7.2
4452,22.9
4453,22.1
4454,17.9
4455,37.6
4456,6.8
4457,15.8
4458,8.1
4459,20.1
4460,20.4
4461,9.4
4462,10.2
4463,21.0
4464,10.9
4465,11.1
4466,14.1
4467,19.0
4468,9.5
4469,12.4
4470,7.7
4471,10.7
4472,17.2
4473,8.5
4474,7.6
4475,17.4
4476,12.0
4478,57.4
4479,13.1
4480,66.9
4481,9.0
4482,13.3
4484,7.4
4485,40.8
4486,12.9
4487,6.2
4488,18.1
4489,18.0
4490,16.2
4491,8.1
4494,19.8
4496,13.6
4497,11.9
4498,78.4
4499,15.2
4501,9.0
4502,8.5
4504,18.2
4505,7.1
4506,18.1
4507,8.6
4508,12.4
4509,10.7
4510,20.9
4511,55.2
4512,17.4
4513,17.5
4514,19.8
4515,18.7
4516,17.5
4517,18.1
4520,19.1
4521,75.9
4523,8.9
4524,18.6
4525,13.1
4526,9.5
4528,11.0
4529,18.5
4530,11.8
4531,12.9
4532,10.4
4533,18.0
4534,18.8
4535,19.4
4537,14.7
4538,18.8
4540,17.0
4543,18.5
4546,17.7
4547,17.6
4548,17.2
4549,11.6
4552,14.5
4554,16.9
4555,11.0
4557,18.5
4560,11.2
4561,18.2
4562,11.4
4563,18.3
4564,56.1
4565,47.0
4566,14.4
4568,19.4
4569,16.0
4570,10.8
4571,22.0
4572,10.9
4573,13.1
4574,15.5
4575,13.4
4576,11.8
4578,12.4
4579,16.5
4582,17.2
4583,16.4
4584,10.3
4585,12.3
4587,11.1
4589,10.2
4590,22.9
4591,9.3
4592,13.4
4593,10.0
4594,20.5
4595,17.8
4596,10.1
4597,57.0
4598,14.6
4599,16.2
4601,17.1
4602,10.5
4603,13.1
4604,56.4
4605,10.2
4606,102.9
4607,9.7
4608,15.2
4609,17.1
4610,9.0
4611,15.3
4613,14.7
4614,16.1
4615,16.8
4616,9.7
4617,12.1
4618,18.1
4619,18.8
4620,18.1
4621,9.0
4622,10.4
4623,16.1
4624,10.5
4626,17.1
4627,18.5
4628,17.6
4629,7.5
4630,14.6
4631,10.5
4632,12.4
4633,15.8
4634,19.1
4635,7.3
4636,12.3
4637,17.9
4639,8.7
4640,17.6
4641,11.1
4642,18.9
4643,7.6
4644,16.1
4646,10.6
4647,14.9
4648,60.9
4649,18.9
4650,8.1
4651,16.6
4652,20.8
4655,16.0
4657,18.4
4658,9.1
4659,18.0
4661,15.5
4662,13.2
4663,14.3
4664,16.1
4666,12.7
4667,9.6
4668,11.0
4669,17.7
4670,14.8
4672,17.0
4673,10.1
4674,15.2
4675,14.7
4677,15.2
4679,16.9
4680,17.4
4681,13.4
4682,11.1
4683,50.4
4684,14.7
4685,14.7
4686,11.4
4687,10.9
4688,18.2
4689,14.2
4690,14.6
4691,11.1
4693,17.2
4694,11.9
4695,17.0
4697,16.6
4698,15.7
4699,10.6
4700,10.8
4701,11.3
4702,13.9
4703,16.1
4704,16.9
4705,16.4
4709,62.7
4710,65.3
4711,10.9
4712,15.1
4713,18.8
4715,17.2
4716,9.1
4717,13.4
4718,10.3
4719,15.0
4720,16.7
4721,12.3
4722,10.9
4723,13.7
4725,15.4
4727,10.8
4728,14.7
4729,16.5
4730,10.5
4731,11.2
4732,13.0
4733,11.2
4734,16.6
4735,11.2
4736,11.9
4738,74.1
4740,12.3
4741,17.1
4742,10.1
4743,9.9
4744,14.0
4746,10.9
4747,14.2
4749,9.5
4750,10.1
4752,9.8
4753,17.2
4755,10.3
4757,13.8
4759,12.4
4761,18.3
4762,54.4
4763,62.3
4764,9.5
4765,9.6
4766,9.0
4767,20.2
4769,17.4
4770,16.3
4772,14.5
4774,12.4
4775,15.4
4776,10.9
4777,14.3
4778,65.5
4779,11.5
4780,12.1
4781,10.7
4782,10.0
4785,9.0
4786,11.0
4787,11.1
4788,10.9
4789,11.5
4790,14.9
4791,11.9
4792,14.3
4793,13.7
4794,15.5
4796,58.9
4797,14.2
4799,10.3
4801,11.9
4806,10.7
4807,12.7
4808,6.1
4811,14.5
4814,14.1
4815,16.5
4816,15.1
4819,14.0
4821,13.8
4822,15.1
4823,15.8
4824,16.0
4825,17.1
4826,20.0
4827,11.6
4828,13.3
4829,14.5
4830,13.2
4831,51.9
4832,13.8
4833,12.3
4835,16.4
4836,11.7
4838,12.8
4839,15.4
4840,13.8
4841,13.1
4842,14.1
4843,11.7
4844,13.2
4845,14.3
4846,12.9
4847,12.3
4848,13.7
4849,14.0
4850,14.3
4851,13.3
4852,14.4
4854,16.3
4855,17.8
4856,19.2
4857,14.1
4858,12.4
4859,13.4
4860,12.7
4863,17.8
4864,12.0
4865,16.5
4866,13.5
4867,17.0
4869,16.5
4870,16.2
4871,17.0
4872,13.2
4873,17.0
4874,13.6
4876,16.1
4877,17.2
4878,14.6
4879,14.5
4880,12.3
4881,14.8
4882,14.4
4883,16.0
4884,16.9
4885,14.1
4886,13.5
4887,12.9
4888,13.2
4889,16.3
4890,17.2
4893,12.6
4894,15.3
4897,14.0
4898,12.6
4899,12.2
4900,15.4
4901,12.7
4906,16.8
4907,15.1
4908,16.6
4909,17.3
4910,12.6
4911,12.3
4912,18.9
4914,13.6
4915,13.2
4916,24.8
4918,62.1
4919,10.9
4925,13.2
4931,11.7
4932,11.9
4933,17.2
4934,12.3
4937,23.9
4938,19.2
4945,10.3
4946,13.3
4947,10.3
4949,24.3
4950,10.3
4953,12.0
4954,18.0
4955,27.0
4956,18.6
4957,17.1
4959,16.1
4960,12.8
4961,16.5
4967,9.6
4968,13.7
4969,15.7
4970,11.1
4971,29.2
4972,17.9
4973,16.7
4974,12.0
4975,18.7
4976,12.8
4978,15.4
4979,15.5
4980,21.4
4981,29.4
4982,19.3
4983,23.8
4986,11.2
4988,14.6
4990,12.4
4991,14.6
4992,10.9
4993,15.3
4994,14.2
4996,13.5
